allele,phenotype
T,migrant
T,migrant
T,migrant
T,migrant
T,migrant
T,migrant
T,migrant
T,migrant
T,migrant
T,migrant
T,migrant
T,migrant
T,migrant
T,migrant
T,migrant
T,migrant
T,migrant
T,migrant
T,migrant
T,migrant
T,migrant
T,migrant
T,migrant
T,migrant
T,migrant
T,migrant
T,migrant
T,migrant
T,migrant
T,migrant
T,migrant
T,migrant
T,migrant
T,migrant
T,migrant
T,migrant
T,migrant
T,migrant
T,migrant
T,migrant
T,migrant
T,migrant
T,migrant
T,migrant
T,migrant
T,migrant
T,migrant
T,migrant
T,migrant
T,migrant
T,migrant
T,migrant
T,migrant
T,migrant
T,migrant
T,migrant
T,migrant
T,resident
T,resident
T,resident
T,resident
T,resident
T,resident
T,resident
T,resident
T,resident
T,resident
T,resident
T,resident
T,resident
T,resident
T,resident
T,resident
T,resident
T,resident
T,resident
T,resident
T,resident
T,resident
T,resident
T,resident
T,resident
T,resident
T,resident
T,resident
T,resident
T,resident
T,resident
T,resident
T,resident
T,resident
T,resident
T,resident
T,resident
T,resident
T,resident
T,resident
T,resident
T,resident
T,resident
T,resident
T,resident
T,resident
T,resident
T,resident
T,resident
T,resident
T,resident
T,resident
T,resident
T,resident
T,resident
T,resident
T,resident
T,resident
T,resident
T,resident
T,resident
T,resident
T,resident
T,resident
T,resident
T,resident
T,resident
T,resident
T,resident
T,resident
T,resident
T,resident
T,resident
T,resident
T,resident
T,resident
T,resident
T,resident
T,resident
T,resident
T,resident
T,resident
T,resident
T,resident
T,resident
T,resident
T,resident
T,resident
T,resident
T,resident
T,resident
T,resident
T,resident
T,resident
T,resident
T,resident
T,resident
T,resident
T,resident
T,resident
T,resident
T,resident
T,resident
T,resident
T,resident
T,resident
T,resident
T,resident
T,resident
T,resident
T,resident
T,resident
T,resident
T,resident
T,resident
T,resident
T,resident
T,resident
T,resident
T,resident
T,resident
T,resident
T,resident
T,resident
T,resident
T,resident
T,resident
T,resident
T,resident
T,resident
T,resident
T,resident
T,resident
T,resident
T,resident
T,resident
T,resident
T,resident
T,resident
T,resident
T,resident
T,resident
T,resident
T,resident
T,resident
T,resident
T,resident
T,resident
T,resident
T,resident
T,resident
T,resident
T,resident
T,resident
T,resident
T,resident
T,resident
T,resident
T,resident
T,resident
T,resident
T,resident
T,resident
T,resident
T,resident
T,resident
T,resident
T,resident
T,resident
T,resident
T,resident
T,resident
T,resident
T,resident
T,resident
T,resident
T,resident
T,resident
T,resident
T,resident
T,resident
T,resident
T,resident
T,resident
T,resident
T,resident
T,resident
T,resident
T,resident
T,resident
T,resident
T,resident
T,resident
T,resident
T,resident
T,resident
T,resident
T,resident
T,resident
T,resident
T,resident
T,resident
T,resident
T,resident
T,resident
T,resident
T,resident
T,resident
T,resident
T,resident
T,resident
T,resident
T,resident
T,resident
T,resident
T,resident
T,resident
T,resident
T,resident
T,resident
T,resident
T,resident
T,resident
T,resident
T,resident
T,resident
T,resident
T,resident
T,resident
T,resident
T,resident
T,resident
T,resident
T,resident
T,resident
T,resident
T,resident
T,resident
T,resident
T,resident
T,resident
T,resident
T,resident
T,resident
T,resident
T,resident
T,resident
T,resident
T,resident
T,resident
T,resident
T,resident
T,resident
T,resident
C,migrant
C,migrant
C,migrant
C,migrant
C,migrant
C,migrant
C,migrant
C,migrant
C,migrant
C,migrant
C,migrant
C,migrant
C,migrant
C,migrant
C,migrant
C,migrant
C,migrant
C,migrant
C,migrant
C,migrant
C,migrant
C,migrant
C,migrant
C,migrant
C,migrant
C,migrant
C,migrant
C,migrant
C,migrant
C,migrant
C,migrant
C,resident
C,resident
C,resident
C,resident
C,resident
C,resident
C,resident
C,resident
C,resident
C,resident
C,resident
C,resident
